{"cameraMode":{"drawMode":0,"name":"Shaded","section":"Shading Mode"},"sceneLighting":true,"audioPlay":false,"sceneViewState":{"showFog":true,"showMaterialUpdate":false,"showSkybox":true,"showFlares":true,"showImageEffects":true,"showParticleSystems":true},"in2DMode":false,"pivot":{"x":-0.000026702880859375,"y":0.0001068115234375,"z":0.0004787445068359375},"rotation":{"x":0.058925170451402667,"y":-0.607876181602478,"z":0.045307908207178119,"w":0.790557861328125},"size":243.4043731689453,"orthographic":true}