{"cameraMode":{"drawMode":0,"name":"Shaded","section":"Shading Mode"},"sceneLighting":true,"audioPlay":false,"sceneViewState":{"showFog":true,"showMaterialUpdate":false,"showSkybox":true,"showFlares":true,"showImageEffects":true,"showParticleSystems":true},"in2DMode":false,"pivot":{"x":-0.000026702880859375,"y":0.0001068115234375,"z":0.0004787445068359375},"rotation":{"x":-0.014173806644976139,"y":-0.8218554854393005,"z":0.020467102527618409,"w":-0.5691705942153931},"size":92.82106018066406,"orthographic":true}